"Nr Zona";"Cod Processual Res nº 65/CNJ";"Endereço";"CEP";"Bairro";"Município Sede";"UF";
"1";"19-0001";"RUA SACADURA CABRAL, 226";"20221161";"SAUDE";"RIO DE JANEIRO";"RJ"
"2";"19-0002";"RUA SACADURA CABRAL 226 FUNDOS SOBRADO";"20221161";"SAUDE";"RIO DE JANEIRO";"RJ"
"3";"19-0003";"RUA CONDE DE BAEPENDI, 40";"22231140";"LARANJEIRAS";"RIO DE JANEIRO";"RJ"
"4";"19-0004";"RUA JARDIM BOTÂNICO 1060";"22460000";"JARDIM BOTÂNICO";"RIO DE JANEIRO";"RJ"
"5";"19-0005";"RUA MIGUEL LEMOS 97 -  TERREO";"22071000";"COPACABANA";"RIO DE JANEIRO";"RJ"
"6";"19-0006";"AV. PROF. MANOEL DE ABREU 286";"20550170";"MARACANÃ";"RIO DE JANEIRO";"RJ"
"7";"19-0007";"RUA ANTONIO BASILIO 76";"20511190";"TIJUCA";"RIO DE JANEIRO";"RJ"
"8";"19-0008";"RUA 24 DE MAIO 931 - FUNDOS";"20950091";"ENGENHO NOVO";"RIO DE JANEIRO";"RJ"
"9";"19-0009";"AV AYRTON SENNA 2001 BLOCO C";"22775002";"BARRA";"RIO DE JANEIRO";"RJ"
"10";"19-0010";"RUA ASSIS CARNEIRO 436";"20740260";"PIEDADE";"RIO DE JANEIRO";"RJ"
"11";"19-0011";"RUA FILOMENA NUNES, 961";"21021380";"OLARIA";"RIO DE JANEIRO";"RJ"
"12";"19-0012";"AV. DOM HELDER CAMARA 10121 - TERCEIRO ANDAR";"21380001";"CASCADURA";"RIO DE JANEIRO";"RJ"
"13";"19-0013";"AV. AYRTON SENNA 2001 BLOCO C - FRENTE";"22775002";"BARRA";"RIO DE JANEIRO";"RJ"
"14";"19-0014";"RUA GETULIO 127";"20775000";"TODOS OS SANTOS";"RIO DE JANEIRO";"RJ"
"15";"19-0015";"RUA JOAO VICENTE 1545";"21610210";"MARECHAL HERMES";"RIO DE JANEIRO";"RJ"
"16";"19-0016";"RUA MINISTRO TAVARES DE LIRA 128";"22221060";"LARANJEIRAS";"RIO DE JANEIRO";"RJ"
"17";"19-0017";"RUA JARDIM BOTÂNICO 1060";"22460000";"JARDIM BOTÂNICO";"RIO DE JANEIRO";"RJ"
"18";"19-0018";"RUA MIGUEL LEMOS 97 - 3 ANDAR";"22071000";"COPACABANA";"RIO DE JANEIRO";"RJ"
"19";"19-0019";"AVENIDA PROFESSOR MANOEL DE ABREU 286";"20550170";"MARACANÃ";"RIO DE JANEIRO";"RJ"
"20";"19-0020";"RUA DIAS DA CRUZ 787 - SEGUNDO ANDAR";"20720011";"MEIER";"RIO DE JANEIRO";"RJ"
"21";"19-0021";"RUA FILOMENA NUNES 971";"21021380";"OLARIA";"RIO DE JANEIRO";"RJ"
"22";"19-0022";"AV. MONSENHOR FELIX 512- XIV REGIÃO ADMINISTRATIVA";"21235110";"IRAJÁ";"RIO DE JANEIRO";"RJ"
"23";"19-0023";"RUA JOAO VICENTE 1545 A";"21610210";"MARECHAL HERMES";"RIO DE JANEIRO";"RJ"
"24";"19-0024";"RUA FIGUEIREDO CAMARGO 1133 SALA 204";"21870210";"BANGU";"RIO DE JANEIRO";"RJ"
"25";"19-0025";"PRAÇA DA SUPERINTENDÊNCIA 420";"23570580";"SANTA CRUZ";"RIO DE JANEIRO";"RJ"
"26";"19-0026";"PRAÇA GETÚLIO VARGAS, 89/97 - ANTIGO FÓRUM";"28610175";"CENTRO";"NOVA FRIBURGO";"RJ"
"27";"19-0027";"TRAV. VILA IBOTY 16";"26255240";"CENTRO";"NOVA IGUAÇU";"RJ"
"28";"19-0028";"AV. MARECHAL CASTELO BRANCO, 119 SALA 301";"25850000";"CENTRO";"PARAÍBA DO SUL";"RJ"
"29";"19-0029";"AV. IPIRANGA, 545";"25610150";"CENTRO";"PETRÓPOLIS";"RJ"
"30";"19-0030";"RUA BARAO DO PIRAI 322";"27175000";"CENTRO";"PIRAÍ";"RJ"
"31";"19-0031";"PRACA MARECHAL JOSE PESSOA 95 - EDIFICIO DO FORUM";"27511380";"CENTRO";"RESENDE";"RJ"
"32";"19-0032";"AV. ANTONIO CARLOS DE SOUZA GUADELUPE, S/N - FÓRUM - COND. INDUSTRIAL";"28800000";"GREEN VALLEY";"RIO BONITO";"RJ"
"33";"19-0033";"RUA BARAO DE MADALENA 50 SALA 01 SOBRELOJA";"28770000";"CENTRO";"SANTA MARIA MADALENA";"RJ"
"34";"19-0034";"AVENIDA JOÃO JASBICK, S/N - EDIFICIO DO FÓRUM";"28470000";"DEZESSETE";"SANTO ANTÔNIO DE PÁDUA";"RJ"
"35";"19-0035";"PRAÇA DA JUSTIÇA S/N, FÓRUM FRANCISCO POLYCARPO, 2O ANDAR, CENTRO";"28400000";"CENTRO";"SÃO FIDÉLIS";"RJ"
"36";"19-0036";"RUA DR. FRANCISCO PORTELA, 2775";"24435001";"ZE GAROTO";"SÃO GONÇALO";"RJ"
"37";"19-0037";"RUA SÃO BENEDITO, 199";"28200000";"CENTRO";"SÃO JOÃO DA BARRA";"RJ"
"38";"19-0038";"RUA ALICE QUINTELA MAURICI REGADAS, 66 - TÉRREO";"25953240";"VÁRZEA";"TERESÓPOLIS";"RJ"
"39";"19-0039";"AV. CASTELO BRANCO, N. 81";"28750000";"CENTRO";"TRAJANO DE MORAIS";"RJ"
"40";"19-0040";"AV. TENENTE ENEAS TORNO 42 EDIFICIO DO FORUM";"25802330";"NOVA NITERÓI";"TRÊS RIOS";"RJ"
"41";"19-0041";"RUA DOMINGOS DE ALMEIDA,65, CENTRO";"27700000";"CENTRO";"VASSOURAS";"RJ"
"42";"19-0042";"RUA NILO PEÇANHA, 347";"28660000";"CENTRO";"BOM JARDIM";"RJ"
"43";"19-0043";"RUA VIGARIO JOAO BATISTA, 14 - EDIFICIO DO FORUM";"28380000";"CENTRO";"NATIVIDADE";"RJ"
"44";"19-0044";"RUA PEDRO ÁLVARES CABRAL 305";"26525051";"CENTRO";"NILÓPOLIS";"RJ"
"45";"19-0045";"RUA PREFEITO SINVAL AUGUSTO FERREIRA DA SILVA, 151 - LOJA 03";"28390000";"CENTRO";"PORCIÚNCULA";"RJ"
"46";"19-0046";"AVENIDA PRESIDENTE LINCOLN 911 LOJA G";"25555201";"VILAR DOS TELES";"SÃO JOÃO DE MERITI";"RJ"
"47";"19-0047";"AV LUCAS EVANGELISTA, 437 (ANTIGO FÓRUM)";"27215630";"ATERRADO";"VOLTA REDONDA";"RJ"
"48";"19-0048";"RUA CALMÉRIO RODRIGUES FERREIRA, 33, LOJA C";"26900000";"CENTRO";"MIGUEL PEREIRA";"RJ"
"49";"19-0049";"RUA DALMO COELHO GOMES, N 1, SALA 311, PRÉDIO DO FÓRUM";"28680000";"BETEL";"CACHOEIRAS DE MACACU";"RJ"
"50";"19-0050";"RUA WALDEMIR HERINGER DA SILVA, 600, SALA 07";"28860000";"SOCIEDADE FLUMINENSE";"CASIMIRO DE ABREU";"RJ"
"51";"19-0051";"RUA FUED ANTÔNIO, 8 - ANEXO AO EDIFÍCIO DO FÓRUM";"28740000";"CENTRO";"CONCEIÇÃO DE MACABU";"RJ"
"52";"19-0052";"AV. RAUL VEIGA 157 EDIFÍCIO DO FORUM";"28540000";"CENTRO";"CORDEIRO";"RJ"
"53";"19-0053";"RUA LUCIANO DE SOUZA TURQUE, 10/LOJA 02";"28650000";"CENTRO";"DUAS BARRAS";"RJ"
"54";"19-0054";"ESTRADA SÃO JOÃO MARCOS, S/N - SEGUNDO PAVIMENTO - FORUM";"23860000";"RANCHITO";"MANGARATIBA";"RJ"
"55";"19-0055";"AVENIDA ROBERTO SILVEIRA, 524-A - LJS 02 E 03";"24900445";"FLAMENGO";"MARICÁ";"RJ"
"56";"19-0056";"RUA ALBERTO TORRES, 114 - EDIFÍCIO DO FÓRUM";"26700000";"CENTRO";"MENDES";"RJ"
"57";"19-0057";"TRAVESSA SANTA RITA, 18 - EDIFÍCIO DO FÓRUM";"23970000";"CENTRO HISTÓRICO";"PARATY";"RJ"
"58";"19-0058";"RUA JOÃO CARVALHO DA ROCHA S/N - FORUM";"27660000";"CENTRO";"RIO DAS FLORES";"RJ"
"59";"19-0059";"RUA FRANCISCO COELHO PEREIRA, 456";"28940000";"ITINGA";"SÃO PEDRO DA ALDEIA";"RJ"
"60";"19-0060";"RUA JOÃO LUIZ DAFLON, 65 - TÉRREO";"28550000";"CENTRO";"SÃO SEBASTIÃO DO ALTO";"RJ"
"61";"19-0061";"PRAÇA BARÃO DE AYURUOCA, 75";"25880000";"CENTRO";"SAPUCAIA";"RJ"
"62";"19-0062";"AV. SAQUAREMA, N 883";"28990000";"PORTO NOVO";"SAQUAREMA";"RJ"
"63";"19-0063";"RUA SILVA JARDIM, 46, EDIFÍCIO DO FÓRUM";"28820000";"CENTRO";"SILVA JARDIM";"RJ"
"64";"19-0064";"RUA JOÃO AMÂNCIO, 214 - EDIFÍCIO DO FÓRUM";"28637000";"CENTRO";"SUMIDOURO";"RJ"
"65";"19-0065";"AV. IPIRANGA, 545";"25610150";"CENTRO";"PETRÓPOLIS";"RJ"
"66";"19-0066";"AVENIDA BRIGADEIRO LIMA E SILVA, 282";"25085132";"PARQUE DUQUE";"DUQUE DE CAXIAS";"RJ"
"67";"19-0067";"TRAVESSA VILA IBOTY 34";"26255240";"CENTRO";"NOVA IGUAÇU";"RJ"
"68";"19-0068";"RUA EDUARDO VIEIRA, 112";"24445410";"CENTRO";"SÃO GONÇALO";"RJ"
"69";"19-0069";"RUA DR. FELICIANO SODRÉ, 153, 2 ANDAR";"24440440";"CENTRO";"SÃO GONÇALO";"RJ"
"70";"19-0070";"RUA PEDRO CANEPA, 132";"26600000";"CENTRO";"PARACAMBI";"RJ"
"71";"19-0071";"RUA VISCONDE DE SEPETIBA 987 FRENTE TÉRREO";"24020206";"CENTRO";"NITERÓI";"RJ"
"72";"19-0072";"RUA VISCONDE DE SEPETIBA 987 - 2 ANDAR FUNDOS";"24020206";"CENTRO";"NITERÓI";"RJ"
"73";"19-0073";"RUA FERREIRA CÉSAR, 480 - EDIFÍCIO DO FÓRUM";"28350000";"CENTRO";"LAJE DO MURIAÉ";"RJ"
"74";"19-0074";"RODOVIA LUCIANO MEDEIROS 568 - EDIFICIO DO FORUM";"26650000";"CENTRO";"ENGENHEIRO PAULO DE FRONTIN";"RJ"
"75";"19-0075";"AV. DR. ALBERTO TORRES, 81 - CENTRO";"28010116";"CENTRO";"CAMPOS DOS GOYTACAZES";"RJ"
"76";"19-0076";"AV. ALBERTO TORRES, 81";"28010116";"CENTRO";"CAMPOS DOS GOYTACAZES";"RJ"
"77";"19-0077";"AV. BRIGADEIRO LIMA E SILVA, 282";"25085132";"PARQUE DUQUE";"DUQUE DE CAXIAS";"RJ"
"78";"19-0078";"AV. BRIGADEIRO LIMA E SILVA, 282";"25085132";"PARQUE DUQUE";"DUQUE DE CAXIAS";"RJ"
"79";"19-0079";"AV. BRIGADEIRO LIMA E SILVA, 282";"25085032";"PARQUE DUQUE";"DUQUE DE CAXIAS";"RJ"
"80";"19-0080";"RUA PEDRO ÁLVARES CABRAL, N. 305, SALA 110, NILÓPOLIS";"26525051";"CENTRO";"NILÓPOLIS";"RJ"
"81";"19-0081";"PRACA GETÚLIO VARGAS 89/97 - ANTIGO FORUM";"28610175";"CENTRO";"NOVA FRIBURGO";"RJ"
"82";"19-0082";"TRAV. VILA IBOTY 26, CENTRO, NOVA IGUAÇU, CEP 26255240";"26255240";"CENTRO";"NOVA IGUAÇU";"RJ"
"83";"19-0083";"RUA CAPITAO TELES 522 LOJA";"26551190";"CENTRO";"MESQUITA";"RJ"
"84";"19-0084";"RUA CORONEL BERNARDINO DE MELO, 2585";"26255140";"CENTRO";"NOVA IGUAÇU";"RJ"
"85";"19-0085";"AV. IPIRANGA, 545";"25610150";"CENTRO";"PETRÓPOLIS";"RJ"
"86";"19-0086";"RUA OLIVEIRA BOTELHO S/N";"24425000";"NEVES";"SÃO GONÇALO";"RJ"
"87";"19-0087";"RUA DOUTOR FRANCISCO PORTELA 2.775";"24435001";"ZE GAROTO";"SÃO GONÇALO";"RJ"
"88";"19-0088";"AV. PRESIDENTE LINCOLN 911 LOJA J EDIFICIO ANTARES";"25555201";"VILAR DOS TELES";"SÃO JOÃO DE MERITI";"RJ"
"89";"19-0089";"AVENIDA PRESIDENTE LINCOLN, 911 LOJA V";"25555201";"VILAR DOS TELES";"SÃO JOÃO DE MERITI";"RJ"
"90";"19-0090";"AV. LUCAS EVANGELISTA DE OLIVEIRA FRANCO, 437";"27215630";"ATERRADO";"VOLTA REDONDA";"RJ"
"91";"19-0091";"RUA ARGEMIRO DE PAULA COUTINHO N 2000 - EDIFICIO DO FORUM";"27310020";"BARBARÁ";"BARRA MANSA";"RJ"
"92";"19-0092";"RUA BENTO LISBOA, 65";"28970000";"CENTRO";"ARARUAMA";"RJ"
"93";"19-0093";"RUA JOSÉ ALVES PIMENTA, 869 - BAIRRO MATADOURO";"27115010";"MATADOURO";"BARRA DO PIRAÍ";"RJ"
"94";"19-0094";"RUA ARGEMIRO DE PAULA COUTINHO, 2000";"27310020";"BARBARÁ";"BARRA MANSA";"RJ"
"95";"19-0095";"RUA EXPEDICIONÁRIO PAULO MOREIRA, 67";"28360000";"CENTRO";"BOM JESUS DO ITABAPOANA";"RJ"
"96";"19-0096";"RUA GOVERNADOR VALADARES, 454 - CASA 7 (TRAVESSA)";"28909010";"SÃO CRISTÓVÃO";"CABO FRIO";"RJ"
"97";"19-0097";"RUA MARIA JACOB, 134 - EDIFICIO DO FORUM";"28430000";"CENTRO";"CAMBUCI";"RJ"
"98";"19-0098";"AV. ALBERTO TORRES, 81";"28010116";"CENTRO";"CAMPOS DOS GOYTACAZES";"RJ"
"99";"19-0099";"AV.  DR. ALBERTO TORRES, 81- CENTRO";"28010116";"CENTRO";"CAMPOS DOS GOYTACAZES";"RJ"
"100";"19-0100";"AV. ALBERTO TORRES, 81";"28010116";"CENTRO";"CAMPOS DOS GOYTACAZES";"RJ"
"101";"19-0101";"RUA OLÍVIA TEIXEIRA DA SILVA, 85";"28500000";"CENTRO";"CANTAGALO";"RJ"
"102";"19-0102";"RUA MANOEL GOULART, 42 - LOJAS 01 E 02";"28640000";"CENTRO";"CARMO";"RJ"
"103";"19-0103";"AVENIDA BRIGADEIRO LIMA E SILVA, 282";"25085132";"PARQUE DUQUE";"DUQUE DE CAXIAS";"RJ"
"104";"19-0104";"RUA DESEMBARGADOR FERREIRA PINTO, 09, CENTRO, ITABORAÍ/RJ";"24800205";"CENTRO";"ITABORAÍ";"RJ"
"105";"19-0105";"RUA MOISÉS ABRAÃO 124";"23815460";"CENTRO";"ITAGUAÍ";"RJ"
"106";"19-0106";"RUA JOAQUIM SOARES MONTEIRO, 001 - EDIFÍCIO DO FORUM";"28570000";"LOTEAMENTO RECREIO";"ITAOCARA";"RJ"
"107";"19-0107";"AV. CARDOSO MOREIRA 485, FUNDOS- EDIFICIO DO FORUM";"28300000";"CENTRO";"ITAPERUNA";"RJ"
"108";"19-0108";"RUA MANOEL PORTUGAL, 156 - EDIFÍCIO DO FORUM - SALA 04";"27460000";"CENTRO";"RIO CLARO";"RJ"
"109";"19-0109";"RUA VISCONDE DE QUISSAMA 174";"27910020";"CENTRO";"MACAÉ";"RJ"
"110";"19-0110";"RUA DOUTOR DOMINGOS BELLIZZE 183";"25900058";"CENTRO";"MAGÉ";"RJ"
"111";"19-0111";"RUA ARAUJO LEITE , 166  - EDIFICIO DO FORUM - SALA 01 - TERREO";"27600000";"CENTRO";"VALENÇA";"RJ"
"112";"19-0112";"AV. DEPUTADO LUIZ FERNANDO LINHARES, 1020, 3 PAVIMENTO - FÓRUM";"28460000";"CENTRO";"MIRACEMA";"RJ"
"113";"19-0113";"RUA VISCONDE DE SEPETIBA 987 FUNDOS 2 ANDAR CENTRO, NITEROI/RJ";"24020206";"CENTRO";"NITERÓI";"RJ"
"114";"19-0114";"RUA VISCONDE DE SEPETIBA, 987, 3 ANDAR, FUNDOS";"24020200";"CENTRO";"NITERÓI";"RJ"
"115";"19-0115";"RUA VISCONDE DE SEPETIBA 987 FUNDOS - 3 ANDAR";"24020200";"CENTRO";"NITERÓI";"RJ"
"116";"19-0116";"AV. ALMIRANTE JULIO CESAR DE NORONHA 58";"23900010";"SAO BENTO";"ANGRA DOS REIS";"RJ"
"117";"19-0117";"PRAIA DA OLARIA, S/N - COCOTÁ";"21910290";"ILHA DO GOVERNADOR";"RIO DE JANEIRO";"RJ"
"118";"19-0118";"AV. DOM HELDER CAMARA, 10.121 - 2 ANDAR";"21380002";"CASCADURA";"RIO DE JANEIRO";"RJ"
"119";"19-0119";"AV. AYRTON SENNA 2001 BLOCO C";"22775002";"BARRA";"RIO DE JANEIRO";"RJ"
"120";"19-0120";"RUA TAQUAREMBÓ S/N- 2 ANDAR (REGIONAL DE CAMPO GRANDE)";"23070140";"CAMPO GRANDE";"RIO DE JANEIRO";"RJ"
"121";"19-0121";"RUA URANOS 1230 SALA 06";"21060070";"RAMOS";"RIO DE JANEIRO";"RJ"
"122";"19-0122";"RUA COXILHA S/N - ADMINISTRAÇÃO REGIONAL DE CAMPO GRANDE";"23070150";"CAMPO GRANDE";"RIO DE JANEIRO";"RJ"
"123";"19-0123";"RUA FERNÃO DIAS S/N";"21615280";"DEODORO";"RIO DE JANEIRO";"RJ"
"124";"19-0124";"RUA FIGUEIREDO CAMARGO, N. 1133, SALA 303";"21870210";"BANGU";"RIO DE JANEIRO";"RJ"
"125";"19-0125";"RUA MARTINHO DE CAMPOS S/N POSTO AGRICOLA";"23515040";"SANTA CRUZ";"RIO DE JANEIRO";"RJ"
"126";"19-0126";"AVENIDA BRIGADEIRO LIMA E SILVA, 282";"25085132";"PARQUE DUQUE";"DUQUE DE CAXIAS";"RJ"
"127";"19-0127";"AV. BRIGADEIRO LIMA E SILVA, 282";"25085132";"PARQUE DUQUE";"DUQUE DE CAXIAS";"RJ"
"128";"19-0128";"AV. BRIGADEIRO LIMA E SILVA, 282, 25 DE AGOSTO, DUQUE DE CAXIAS/RJ";"25085132";"25 DE AGOSTO";"DUQUE DE CAXIAS";"RJ"
"129";"19-0129";"AV. DR. ALBERTO TORRES, 81";"28010116";"CENTRO";"CAMPOS DOS GOYTACAZES";"RJ"
"130";"19-0130";"ROD. AFONSO CELSO, S/N - PRACA DOS TRES PODERES - FORUM";"28230000";"CENTRO";"SÃO FRANCISCO DE ITABAPOANA";"RJ"
"131";"19-0131";"AVENIDA LUCAS EVANGELISTA, 437";"27215630";"ATERRADO";"VOLTA REDONDA";"RJ"
"132";"19-0132";"RUA FELICIANO SODRÉ, 153";"24440440";"CENTRO";"SÃO GONÇALO";"RJ"
"133";"19-0133";"RUA EDUARDO VIEIRA DE SOUZA, 112";"24445410";"CENTRO";"SÃO GONÇALO";"RJ"
"134";"19-0134";"RUA FELICIANO SODRE 153 2 ANDAR";"24440440";"CENTRO";"SÃO GONÇALO";"RJ"
"135";"19-0135";"RUA FELICIANO SODRE 153 - 2 ANDAR";"24440440";"CENTRO";"SÃO GONÇALO";"RJ"
"136";"19-0136";"RUA FELICIANO SODRE 153 - FUNDOS";"24440440";"CENTRO";"SÃO GONÇALO";"RJ"
"137";"19-0137";"RUA FRANCISCO PORTELA, 2775-A";"24435001";"ZE GAROTO";"SÃO GONÇALO";"RJ"
"138";"19-0138";"RUA OTILIA 210";"26391230";"FANCHEM";"QUEIMADOS";"RJ"
"139";"19-0139";"RUA JOAO BATISTA EVANGELISTA S/N - CENTRO DE ENGENHEIRO PEDREIRA";"26423290";"ENGENHEIRO PEDREIRA";"JAPERI";"RJ"
"140";"19-0140";"RUA VISCONDE DE SEPETIBA 987 FUNDOS 2 ANDAR";"24020206";"CENTRO";"NITERÓI";"RJ"
"141";"19-0141";"RUA ARISTIDES GONCALVES DE SOUZA, 83";"28250000";"SAO CAETANO";"ITALVA";"RJ"
"142";"19-0142";"RUA VISCONDE DE SEPETIBA 987 FUNDOS 3 ANDAR";"24020200";"CENTRO";"NITERÓI";"RJ"
"143";"19-0143";"RUA VISCONDE DE SEPETIBA 987 TERREO";"24020200";"CENTRO";"NITERÓI";"RJ"
"144";"19-0144";"RUA VISCONDE DE SEPETIBA 987 - 3 ANDAR - FUNDOS";"24020206";"CENTRO";"NITERÓI";"RJ"
"145";"19-0145";"AV. PRES. LINCOLN 911 - EDIFICIO ANTARES - LOJA N";"25555201";"VILAR DOS TELES";"SÃO JOÃO DE MERITI";"RJ"
"146";"19-0146";"RUA MARECHAL FLORIANO PEIXOTO 40";"28930000";"PRAIA DOS ANJOS";"ARRAIAL DO CABO";"RJ"
"147";"19-0147";"RUA ARCEBISPO SANTOS, S/N";"23900160";"SAO BENTO";"ANGRA DOS REIS";"RJ"
"148";"19-0148";"RUA MÁRIO DE BRITO, 129 - LOJA 3 - PIABETÁ";"25915000";"PIABETÁ";"MAGÉ";"RJ"
"149";"19-0149";"ESTRADA DO BANANAL, 2336, LJS. 1 E 2";"25946440";"BANANAL";"GUAPIMIRIM";"RJ"
"150";"19-0150";"RUA CAPITAO TELES 520";"26551190";"CENTRO";"MESQUITA";"RJ"
"151";"19-0151";"RUA DESEMBARGADOR FERREIRA PINTO, 9, CENTRO, ITABORAÍ";"24800205";"CENTRO";"ITABORAÍ";"RJ"
"152";"19-0152";"RUA URUGUAI, 51";"26130525";"CENTRO";"BELFORD ROXO";"RJ"
"153";"19-0153";"RUA URUGUAI, 51";"26130525";"CENTRO";"BELFORD ROXO";"RJ"
"154";"19-0154";"RUA URUGUAI, 51";"26130000";"CENTRO";"BELFORD ROXO";"RJ"
"155";"19-0155";"RUA URUGUAI, 51";"26130525";"JARDIM AMERICA";"BELFORD ROXO";"RJ"
"156";"19-0156";"RUA DR MÁRIO GUIMARÃES, 968 - ED. DO FÓRUM - ANEXO - 4 ANDAR";"26255230";"BAIRRO DA LUZ";"NOVA IGUAÇU";"RJ"
"157";"19-0157";"RUA GETULIO VARGAS 104";"26255060";"CENTRO";"NOVA IGUAÇU";"RJ"
"158";"19-0158";"RUA CORONEL BERNARDINO DE MELO, 2585 - PRX. À  PÇA. DO SKATE.";"26255140";"CENTRO";"NOVA IGUAÇU";"RJ"
"159";"19-0159";"RUA CEL. BERNARDINO DE MELLO 2585, CENTRO - NOVA IGUAÇU / RJ";"26255140";"CENTRO";"NOVA IGUAÇU";"RJ"
"160";"19-0160";"RUA FILOMENA NUNES 961 - OLARIA";"21021380";"OLARIA";"RIO DE JANEIRO";"RJ"
"161";"19-0161";"RUA LUCENA, S/N,OLARIA (ANTIGO FÓRUM,ATRÁS DO CLUBE OLARIA) 21.021-320";"21021320";"OLARIA";"RIO DE JANEIRO";"RJ"
"162";"19-0162";"RUA LUCENA S/N (ANTIGO PREDIO DO FORUM LEOPOLDINA)";"21021320";"OLARIA";"RIO DE JANEIRO";"RJ"
"163";"19-0163";"RUA MINISTRO TAVARES DE LIRA 128";"22221060";"CATETE";"RIO DE JANEIRO";"RJ"
"164";"19-0164";"RUA MINISTRO TAVARES DE LIRA 128";"22221060";"LARANJEIRAS";"RIO DE JANEIRO";"RJ"
"165";"19-0165";"RUA JARDIM BOTANICO 1060";"22460000";"JARDIM BOTÂNICO";"RIO DE JANEIRO";"RJ"
"166";"19-0166";"RUA JARDIM BOTANICO 1060";"22460000";"JARDIM BOTÂNICO";"RIO DE JANEIRO";"RJ"
"167";"19-0167";"ESTRADA DO CAMBOATÁ 2300, SALAS 201/203-GUADALUPE SHOPPING";"21665001";"GUADALUPE";"RIO DE JANEIRO";"RJ"
"168";"19-0168";"AV DOM HELDER CAMARA 4175 - 2 ANDAR";"20771001";"DEL CASTILHO";"RIO DE JANEIRO";"RJ"
"169";"19-0169";"AV. DOS DEMOCRATICOS 1090 (ABRIGO CRISTO REDENTOR)";"21050434";"HIGIENÓPOLIS";"RIO DE JANEIRO";"RJ"
"170";"19-0170";"AV. PROFESSOR MANUEL DE ABREU, 286";"20550170";"MARACANÃ";"RIO DE JANEIRO";"RJ"
"171";"19-0171";"RUA ANTONIO BASILIO, 76";"20511190";"TIJUCA";"RIO DE JANEIRO";"RJ"
"172";"19-0172";"ESTRADA DA USINA RUA DOIS S/N EDIFICIO DO FORUM";"28950000";"CENTRO";"ARMAÇÃO DOS BÚZIOS";"RJ"
"173";"19-0173";"RUA VISCONDE DE SANTA ISABEL 34 - 3. ANDAR";"20560120";"VILA ISABEL";"RIO DE JANEIRO";"RJ"
"174";"19-0174";"AV. TENENTE ENEAS TORNO 42, SALA 27 - EDIFICIO DO FORUM";"25802330";"NOVA NITERÓI";"TRÊS RIOS";"RJ"
"175";"19-0175";"ESTRADA DO CAMBOATÁ, 2300, SALAS 204, GUADALUPE SHOPPING";"21665001";"GUADALUPE";"RIO DE JANEIRO";"RJ"
"176";"19-0176";"AV MONSENHOR FELIX, 512";"21235110";"IRAJÁ";"RIO DE JANEIRO";"RJ"
"177";"19-0177";"AV. MONSENHOR FELIX 512";"21235110";"PARADA DE LUCAS";"RIO DE JANEIRO";"RJ"
"178";"19-0178";"RUA FERNÃO DIAS  S/N";"21615280";"DEODORO";"RIO DE JANEIRO";"RJ"
"179";"19-0179";"AV. AYRTON SENNA 2001 BLOCO C BARRA DA TIJUCA";"22775002";"BARRA";"RIO DE JANEIRO";"RJ"
"180";"19-0180";"RUA GODOFREDO VIANA, 400";"22730020";"TAQUARA";"RIO DE JANEIRO";"RJ"
"181";"19-0181";"AVENIDA PAULINO RODRIGUES DE SOUZA, 2001";"28960000";"PARQUE TAMARIZ";"IGUABA GRANDE";"RJ"
"182";"19-0182";"RUA GODOFREDO VIANA, 400";"22730020";"TAQUARA";"RIO DE JANEIRO";"RJ"
"183";"19-0183";"RUA HILARIO ETTORE 378";"27570000";"CENTRO (PORTO REAL)";"PORTO REAL";"RJ"
"184";"19-0184";"AVENIDA GUANABARA, N 3.837";"28893158";"BOSQUE DA PRAIA";"RIO DAS OSTRAS";"RJ"
"185";"19-0185";"PRAÇA SECA 09";"21321010";"PRAÇA SECA";"RIO DE JANEIRO";"RJ"
"186";"19-0186";"AVENIDA PRESIDENTE LINCOLN, 440 - LOJA";"25555201";"VILAR DOS TELES";"SÃO JOÃO DE MERITI";"RJ"
"187";"19-0187";"AV PRESIDENTE LINCOLN, 911 LOJAS T/ U";"25555200";"VILAR DOS TELES";"SÃO JOÃO DE MERITI";"RJ"
"188";"19-0188";"RUA LEOPOLDINA REGO 754 - XI R.A.";"21021522";"OLARIA";"RIO DE JANEIRO";"RJ"
"189";"19-0189";"RUA ÁPIA 257 - SALAS 201/202/206";"21221250";"VILA DA PENHA";"RIO DE JANEIRO";"RJ"
"190";"19-0190";"AV. MONSENHOR FÉLIX 512 - XIV R.A.";"21235110";"IRAJÁ";"RIO DE JANEIRO";"RJ"
"191";"19-0191";"ESTRADA DA CACUIA, 1574";"21921001";"ILHA DO GOVERNADOR";"RIO DE JANEIRO";"RJ"
"192";"19-0192";"RUA ORCADAS 435 - SALA 12 - XX RA (ENTR TB P/ RUA ENEIDA DE MORAES)";"21920257";"PORTUGUESA";"RIO DE JANEIRO";"RJ"
"193";"19-0193";"RUA SACADURA CABRAL, 226";"20221161";"SAUDE";"RIO DE JANEIRO";"RJ"
"194";"19-0194";"AVENIDA BRIGADEIRO LIMA E SILVA, 282";"25085132";"PARQUE DUQUE";"DUQUE DE CAXIAS";"RJ"
"195";"19-0195";"RUA ALICE QUINTELA MAURICI REGADAS, 66, LJ 07";"25953240";"VÁRZEA";"TERESÓPOLIS";"RJ"
"196";"19-0196";"RUA SENHOR DOS PASSOS, 37 - EDIFÍCIO DO FÓRUM";"25780000";"CENTRO";"SÃO JOSÉ DO VALE DO RIO PRETO";"RJ"
"197";"19-0197";"RUA FELICIANO SODRE, 153";"24440440";"CENTRO";"SÃO GONÇALO";"RJ"
"198";"19-0198";"PRAÇA MARECHAL JOSÉ PESSOA 95 - EDIFÍCIO DO FÓRUM ANTIGO";"27511380";"CENTRO";"RESENDE";"RJ"
"199";"19-0199";"RUA VISCONDE DE SEPETIBA 987 FUNDOS - 2 ANDAR";"24020200";"CENTRO";"NITERÓI";"RJ"
"200";"19-0200";"AVENIDA BRIGADEIRO LIMA E SILVA, 282";"25085132";"PARQUE DUQUE";"DUQUE DE CAXIAS";"RJ"
"201";"19-0201";"RUA PEDRO ALVARES CABRAL 305 - SALA 114 - EDIFICIO DO ANTIGO FORUM";"26525050";"CENTRO";"NILÓPOLIS";"RJ"
"202";"19-0202";"AV. LUCAS EVANGELISTA DE OLIVEIRA FRANCO, 437, ANTIGO FORUM";"27215630";"ATERRADO";"VOLTA REDONDA";"RJ"
"203";"19-0203";"AV ARGEMIRO DE PAULA COUTINHO, 2000";"27310020";"BARBARÁ";"BARRA MANSA";"RJ"
"204";"19-0204";"RUA SACADURA CABRAL 226 - TERREO";"20221161";"SAUDE";"RIO DE JANEIRO";"RJ"
"205";"19-0205";"RUA MIGUEL LEMOS 97 - 1 ANDAR";"22071000";"COPACABANA";"RIO DE JANEIRO";"RJ"
"206";"19-0206";"RUA MIGUEL LEMOS 97  - 1 ANDAR";"22071000";"COPACABANA";"RIO DE JANEIRO";"RJ"
"207";"19-0207";"RUA GETÚLIO 127";"20775000";"TODOS OS SANTOS";"RIO DE JANEIRO";"RJ"
"208";"19-0208";"RUA GETÚLIO, 127/ SEGUNDO ANDAR";"20775000";"TODOS OS SANTOS";"RIO DE JANEIRO";"RJ"
"209";"19-0209";"RUA GODOFREDO VIANA, 400";"22730020";"TAQUARA";"RIO DE JANEIRO";"RJ"
"210";"19-0210";"RUA GODOFREDO VIANA, 400";"22730020";"TAQUARA";"RIO DE JANEIRO";"RJ"
"211";"19-0211";"RUA JARDIM BOTÂNICO 1060";"22460000";"JARDIM BOTÂNICO";"RIO DE JANEIRO";"RJ"
"212";"19-0212";"RUA JARDIM BOTÂNICO 1060";"22460000";"JARDIM BOTÂNICO";"RIO DE JANEIRO";"RJ"
"213";"19-0213";"RUA DIAS DA CRUZ, 787, 3 ANDAR";"20720011";"MEIER";"RIO DE JANEIRO";"RJ"
"214";"19-0214";"RUA DIAS DA CRUZ 720-A";"20720013";"MEIER";"RIO DE JANEIRO";"RJ"
"215";"19-0215";"AV DOM HELDER CAMARA 4175 - 1 ANDAR";"20771000";"DEL CASTILHO";"RIO DE JANEIRO";"RJ"
"216";"19-0216";"AV DOM HELDER CAMARA 4175 - 2 ANDAR";"20771000";"DEL CASTILHO";"RIO DE JANEIRO";"RJ"
"217";"19-0217";"RUA XAVIER CURADO S/N (CETEP - FAETEC)";"21610330";"MARECHAL HERMES";"RIO DE JANEIRO";"RJ"
"218";"19-0218";"RUA SIDÔNIO PAIS, 54, LOJA 5";"21350032";"CASCADURA";"RIO DE JANEIRO";"RJ"
"219";"19-0219";"RUA SIDÔNIO PAES, 54 LOJA 06";"21350032";"CASCADURA";"RIO DE JANEIRO";"RJ"
"220";"19-0220";"RUA SIDÔNIO PAIS, 54 - LOJA 4";"21350032";"CASCADURA";"RIO DE JANEIRO";"RJ"
"221";"19-0221";"RUA PEDRO ALVARES CABRAL, 305, SALA 120";"26525051";"CENTRO";"NILÓPOLIS";"RJ"
"222";"19-0222";"PRAÇA GETULIO VARGAS, 89/97";"28610175";"CENTRO";"NOVA FRIBURGO";"RJ"
"223";"19-0223";"NAO INFORMADO";"00000000";"CENTRO";"SÃO JOÃO DE MERITI";"RJ"
"225";"19-0225";"BR 465 (ESTRADA RIO - SÃO PAULO), 310, KM 41, LT 6, QD A, SALA 208";"23890001";"JARDIM SAO JORGE";"SEROPÉDICA";"RJ"
"226";"19-0226";"ESTRADA UNIAO E INDUSTRIA 11860 SALA 4";"25750226";"ITAIPAVA";"PETRÓPOLIS";"RJ"
"227";"19-0227";"AVENIDA IPIRANGA, 545";"25610150";"CENTRO";"PETRÓPOLIS";"RJ"
"228";"19-0228";"AV. PROFESSOR MANOEL DE ABREU, 286";"20550170";"MARACANÃ";"RIO DE JANEIRO";"RJ"
"229";"19-0229";"RUA HADDOCK LOBO, 72 - SALA 106";"20260132";"ESTÁCIO";"RIO DE JANEIRO";"RJ"
"230";"19-0230";"RUA FIGUEIREDO CAMARGO 1133 - SALA 205";"21870210";"BANGU";"RIO DE JANEIRO";"RJ"
"231";"19-0231";"RUA FIGUEIREDO CAMARGO, 1133, SALA 201";"21870210";"BANGU";"RIO DE JANEIRO";"RJ"
"232";"19-0232";"RUA FIGUEIREDO CAMARGO, 1133 SL 304";"21870210";"BANGU";"RIO DE JANEIRO";"RJ"
"233";"19-0233";"RUA FIGUEIREDO CAMARGO, 1.133 - SALA 202";"21870210";"BANGU";"RIO DE JANEIRO";"RJ"
"234";"19-0234";"RUA FIGUEIREDO CAMARGO, 1133, SALA 203";"21870210";"BANGU";"RIO DE JANEIRO";"RJ"
"235";"19-0235";"RUA FIGUEIREDO CAMARGO, 1133 SL. 302";"21870210";"BANGU";"RIO DE JANEIRO";"RJ"
"236";"19-0236";"RUA FIGUEIREDO CAMARGO, 1133/301";"21870210";"BANGU";"RIO DE JANEIRO";"RJ"
"237";"19-0237";"RUA FIGUEIREDO CAMARGO, 1133, SALA 305";"21870210";"BANGU";"RIO DE JANEIRO";"RJ"
"238";"19-0238";"RUA SILVA CARDOSO 349 SL 13 - XVII R.A.";"21810030";"BANGU";"RIO DE JANEIRO";"RJ"
"239";"19-0239";"NAO INFORMADO";"00000000";"CENTRO";"DUQUE DE CAXIAS";"RJ"
"240";"19-0240";"RUA MARTINHO DE CAMPOS S/N";"23515040";"SANTA CRUZ";"RIO DE JANEIRO";"RJ"
"241";"19-0241";"RUA MARTINHO DE CAMPOS S/N POSTO AGRICOLA";"23515040";"SANTA CRUZ";"RIO DE JANEIRO";"RJ"
"242";"19-0242";"AV. CESARIO DE MELLO 3963";"23050100";"CAMPO GRANDE";"RIO DE JANEIRO";"RJ"
"243";"19-0243";"RUA MARTINHO DE CAMPOS S/N";"23515040";"SANTA CRUZ";"RIO DE JANEIRO";"RJ"
"244";"19-0244";"RUA DOM PEDRITO 1 - XVIII R.A.";"23070170";"CAMPO GRANDE";"RIO DE JANEIRO";"RJ"
"245";"19-0245";"ANTIGA ESTRADA RIO-SAO PAULO 176";"23087005";"CAMPO GRANDE";"RIO DE JANEIRO";"RJ"
"246";"19-0246";"RUA MARTINHO DE CAMPOS S/N  POSTO AGRÍCOLA";"23515040";"SANTA CRUZ";"RIO DE JANEIRO";"RJ"
"249";"19-0249";"AV. DR. ALBERTO TORRES, 81";"28010116";"CENTRO";"CAMPOS DOS GOYTACAZES";"RJ"
"250";"19-0250";"RUA DR MÁRIO GUIMARÃES, 968 -  ED. DO FÓRUM- ANEXO-4 ANDAR";"26255230";"BAIRRO DA LUZ";"NOVA IGUAÇU";"RJ"
"251";"19-0251";"NAO INFORMADO";"00000000";"CENTRO";"DUQUE DE CAXIAS";"RJ"
"252";"19-0252";"RUA MIGUEL LEMOS 97  3 ANDAR";"22071000";"COPACABANA";"RIO DE JANEIRO";"RJ"
"253";"19-0253";"NAO INFORMADO";"00000000";"CENTRO";"RIO DE JANEIRO";"RJ"
"254";"19-0254";"RUA FRANCISCO PORTELA, N. 221 - CENTRO";"27910200";"CENTRO";"MACAÉ";"RJ"
"255";"19-0255";"ESTRADA DO CORREIO IMPERIAL - 1003";"28735000";"PITEIRAS";"QUISSAMÃ";"RJ"
"256";"19-0256";"RUA GOVERNADOR VALADARES, 454 (TRAVESSA), CASA 7";"28909010";"SÃO CRISTÓVÃO";"CABO FRIO";"RJ"
